{
    "sid": "RE249ed7S7A",
    "sweeps": [
        {
            "uuid": "5548f63721c440a28f65260bbac22480",
            "alignmentType": "aligned",
            "neighbors": [
                "5a3d5faf3a20458790722bab31c8e1a3",
                "d9458dbde81b4a9e896ef84c9a98aa83"
            ],
            "position": {
                "x": -0.32624995708465576,
                "y": 1.295012354850769,
                "z": -0.09484865516424179
            },
            "rotation": {
                "x": -0.04305828847972768,
                "y": 89.1644162613015,
                "z": -0.06475342062369767
            },
            "floor": 0,
            "index": 0
        },
        {
            "uuid": "5a3d5faf3a20458790722bab31c8e1a3",
            "alignmentType": "aligned",
            "neighbors": [
                "5548f63721c440a28f65260bbac22480",
                "d9458dbde81b4a9e896ef84c9a98aa83"
            ],
            "position": {
                "x": 0.7564756274223328,
                "y": 1.4485175609588623,
                "z": 0.535147488117218
            },
            "rotation": {
                "x": -0.08985248713797463,
                "y": -110.94088335649424,
                "z": -0.06515377142714693
            },
            "floor": 0,
            "index": 1
        },
        {
            "uuid": "d9458dbde81b4a9e896ef84c9a98aa83",
            "alignmentType": "aligned",
            "neighbors": [
                "5548f63721c440a28f65260bbac22480",
                "5a3d5faf3a20458790722bab31c8e1a3",
                "ac2d2037dcb24ca19d0664e530c11f66"
            ],
            "position": {
                "x": 1.8333327770233154,
                "y": 1.4390380382537842,
                "z": 0.7094457149505615
            },
            "rotation": {
                "x": 0.015926441058019145,
                "y": -41.30134375349463,
                "z": 0.03261304913452074
            },
            "floor": 0,
            "index": 2
        },
        {
            "uuid": "ac2d2037dcb24ca19d0664e530c11f66",
            "alignmentType": "aligned",
            "neighbors": [
                "d9458dbde81b4a9e896ef84c9a98aa83",
                "96afbd5d8462418da5869fd494b7109c",
                "214241a6657440bb84a91cf2ac5e0c67",
                "38b73d55292d4ed6a9ce527c3e6f8ed4"
            ],
            "position": {
                "x": 2.1439454555511475,
                "y": 1.4521675109863281,
                "z": 1.4238519668579102
            },
            "rotation": {
                "x": -0.05305249224335478,
                "y": -8.356531011485313,
                "z": -0.07177071068035693
            },
            "floor": 0,
            "index": 3
        },
        {
            "uuid": "96afbd5d8462418da5869fd494b7109c",
            "alignmentType": "aligned",
            "neighbors": [
                "ac2d2037dcb24ca19d0664e530c11f66",
                "214241a6657440bb84a91cf2ac5e0c67",
                "38b73d55292d4ed6a9ce527c3e6f8ed4"
            ],
            "position": {
                "x": 1.5220117568969727,
                "y": 1.4575430154800415,
                "z": 1.9870901107788086
            },
            "rotation": {
                "x": 0.07412861129894636,
                "y": -64.12746723249246,
                "z": 0.1031302417595887
            },
            "floor": 0,
            "index": 4
        },
        {
            "uuid": "214241a6657440bb84a91cf2ac5e0c67",
            "alignmentType": "aligned",
            "neighbors": [
                "ac2d2037dcb24ca19d0664e530c11f66",
                "96afbd5d8462418da5869fd494b7109c",
                "38b73d55292d4ed6a9ce527c3e6f8ed4"
            ],
            "position": {
                "x": -1.3083711862564087,
                "y": 1.538460373878479,
                "z": 2.953472375869751
            },
            "rotation": {
                "x": -0.30207392939240274,
                "y": -56.62010597032601,
                "z": 0.4754954598550687
            },
            "floor": 0,
            "index": 5
        },
        {
            "uuid": "38b73d55292d4ed6a9ce527c3e6f8ed4",
            "alignmentType": "aligned",
            "neighbors": [
                "ac2d2037dcb24ca19d0664e530c11f66",
                "96afbd5d8462418da5869fd494b7109c",
                "214241a6657440bb84a91cf2ac5e0c67"
            ],
            "position": {
                "x": -3.421961545944214,
                "y": 1.578152060508728,
                "z": 3.039501428604126
            },
            "rotation": {
                "x": -0.46210477651458964,
                "y": 162.7479805729599,
                "z": 0.19788501411424328
            },
            "floor": 0,
            "index": 6
        }
    ],
    "modelSupportsVr": true,
    "name": "3183 Taviton Crt",
    "presentedBy": "",
    "summary": "",
    "formattedAddress": "3183 Taviton Crt, Mississauga, ON, L4X 2J9",
    "contactEmail": "",
    "contactName": "",
    "phone": "",
    "formattedContactPhone": "",
    "externalUrl": ""
}